-- V17: Restore EU additives with parenthesised sub-form codes
-- (e.g. E460(i), E160b(ii)). These were dropped by V16 due to an over-strict
-- regex; they are real, official E-codes.

INSERT INTO aggregate.eu_additives (id, e_number, e_number_display, e_number_sort, display_name_en, display_name_lt, identifying_name_en, identifying_name_lt, synonyms_en, synonyms_lt, ins_number, is_group, member_of_group, policy_item_code, source_url, opinion_en, opinion_lt) VALUES (365307, 'E160b(i)', 'E 160b(i)', 160, 'Annatto bixin', 'Anato biksinas', 'Annatto bixin', 'Anato biksinas', NULL, NULL, NULL, FALSE, NULL, 'POL-FAD-IMPORT-3379', 'https://ec.europa.eu/food/food-feed-portal/screen/food-additives/search', 'A natural orange-red colourant extracted from the seeds of the annatto tree, native to tropical regions of the Americas. Used widely in cheeses, butter, margarine, snacks, and processed foods to give that familiar golden or orange hue.

Generally considered safe by EFSA and FDA. However, it is one of the more common causes of natural food dye allergic reactions — some people experience hives or digestive issues. Not to be confused with being synthetic; it is plant-derived, but "natural" does not always mean reaction-free.', 'Tai natūralus oranžinis-raudonas dažiklis, gaunamas iš achioto medžio sėklų, augančio Pietų Amerikoje. Suteikia sūriams, sviestui, margarinui ir užkandžiams būdingą auksinę arba oranžinę spalvą.

EFSA ir FDA laiko jį saugiu. Tačiau — tai vienas dažniausių natūralių maisto dažiklių, sukeliančių alergines reakcijas. Kai kuriems žmonėms gali sukelti dilgėlinę ar virškinimo sutrikimus. Natūrali kilmė nereiškia, kad visiškai be rizikos.');
INSERT INTO aggregate.eu_additive_restrictions (additive_id, food_category_id, food_category_number, food_category_name_en, food_category_name_lt, restriction_type, restriction_value, restriction_unit, restriction_comment_en, restriction_comment_lt, note_number, note_text_en, note_text_lt, legislation_id) VALUES (365307, '315526', '1.4', 'flavoured fermented milk products including heat-treated products', 'aromatizuoti fermentuoto pieno produktai, įskaitant termiškai apdorotus produktus', 'FAD_RT_ML', '15', 'FAD_RU_MGL', NULL, NULL, '94', 'When E 160b(i) (Annatto bixin) and E 160b(ii) (Annatto norbixin) are added in combination, the higher individual maximum level applies to the sum, but the individual maximum levels shall not be exceeded.', 'Kai E 160b(i) (Anatų biksinas) ir E 160b(ii) (Anatų norbiksinas) dedami kartu, aukštesnis individualus didžiausias lygis taikomas jų sumai, tačiau individualių didžiausių lygių viršyti negalima.', 316896);
INSERT INTO aggregate.eu_additive_restrictions (additive_id, food_category_id, food_category_number, food_category_name_en, food_category_name_lt, restriction_type, restriction_value, restriction_unit, restriction_comment_en, restriction_comment_lt, note_number, note_text_en, note_text_lt, legislation_id) VALUES (365307, '315558', '1.7.2', 'ripened cheese', 'subrandintas sūris', 'FAD_RT_ML', '15', 'FAD_RU_MGK', 'only ripened orange, yellow and broken-white cheese and red and green pesto cheese', 'tik prinokę oranžiniai, geltoni ir sulaužytos baltos spalvos sūriai bei raudonų ir žalių pesto sūriai', '94', 'When E 160b(i) (Annatto bixin) and E 160b(ii) (Annatto norbixin) are added in combination, the higher individual maximum level applies to the sum, but the individual maximum levels shall not be exceeded.', 'Kai E 160b(i) (Anatų biksinas) ir E 160b(ii) (Anatų norbiksinas) dedami kartu, aukštesnis individualus didžiausias lygis taikomas jų sumai, tačiau individualių didžiausių lygių viršyti negalima.', 316896);
INSERT INTO aggregate.eu_additive_restrictions (additive_id, food_category_id, food_category_number, food_category_name_en, food_category_name_lt, restriction_type, restriction_value, restriction_unit, restriction_comment_en, restriction_comment_lt, note_number, note_text_en, note_text_lt, legislation_id) VALUES (365307, '315562', '1.7.3', 'edible cheese rind', 'valgoma sūrio plutelė', 'FAD_RT_ML', '20', 'FAD_RU_MGK', NULL, NULL, '94', 'When E 160b(i) (Annatto bixin) and E 160b(ii) (Annatto norbixin) are added in combination, the higher individual maximum level applies to the sum, but the individual maximum levels shall not be exceeded.', 'Kai E 160b(i) (Anatų biksinas) ir E 160b(ii) (Anatų norbiksinas) dedami kartu, aukštesnis individualus didžiausias lygis taikomas jų sumai, tačiau individualių didžiausių lygių viršyti negalima.', 316896);
INSERT INTO aggregate.eu_additive_restrictions (additive_id, food_category_id, food_category_number, food_category_name_en, food_category_name_lt, restriction_type, restriction_value, restriction_unit, restriction_comment_en, restriction_comment_lt, note_number, note_text_en, note_text_lt, legislation_id) VALUES (365307, '315570', '1.7.5', 'processed cheese', 'perdirbtas sūris', 'FAD_RT_ML', '15', 'FAD_RU_MGK', NULL, NULL, '94', 'When E 160b(i) (Annatto bixin) and E 160b(ii) (Annatto norbixin) are added in combination, the higher individual maximum level applies to the sum, but the individual maximum levels shall not be exceeded.', 'Kai E 160b(i) (Anatų biksinas) ir E 160b(ii) (Anatų norbiksinas) dedami kartu, aukštesnis individualus didžiausias lygis taikomas jų sumai, tačiau individualių didžiausių lygių viršyti negalima.', 316896);
INSERT INTO aggregate.eu_additive_restrictions (additive_id, food_category_id, food_category_number, food_category_name_en, food_category_name_lt, restriction_type, restriction_value, restriction_unit, restriction_comment_en, restriction_comment_lt, note_number, note_text_en, note_text_lt, legislation_id) VALUES (365307, '315590', '2.1', 'fats and oils essentially free from water (excluding anhydrous milk fat)', 'riebalai ir aliejai, iš esmės neturintys vandens (išskyrus bevandenį pieno riebalą)', 'FAD_RT_ML', '10', 'FAD_RU_MGK', 'only fats', 'tik riebalai', NULL, NULL, NULL, 316896);
INSERT INTO aggregate.eu_additive_restrictions (additive_id, food_category_id, food_category_number, food_category_name_en, food_category_name_lt, restriction_type, restriction_value, restriction_unit, restriction_comment_en, restriction_comment_lt, note_number, note_text_en, note_text_lt, legislation_id) VALUES (365307, '2696141', '2.2.2', 'Other fat and oil emulsions including spreads as defined by Regulation (EC) No 1234/2007 and liquid emulsions', 'Kitos riebalų ir aliejų emulsijos, įskaitant tepius produktus, kaip apibrėžta Reglamente (EB) Nr. 1234/2007, ir skystąsias emulsijas', 'FAD_RT_ML', '10', 'FAD_RU_MGK', 'excluding reduced fat butter’', 'išskyrus sumažinto riebumo sviestą', NULL, NULL, NULL, 316896);
INSERT INTO aggregate.eu_additive_restrictions (additive_id, food_category_id, food_category_number, food_category_name_en, food_category_name_lt, restriction_type, restriction_value, restriction_unit, restriction_comment_en, restriction_comment_lt, note_number, note_text_en, note_text_lt, legislation_id) VALUES (365307, '315662', '4.2.5', 'jam jellies and marmalades and similar products', 'uogienės, želė, marmeladai ir panašūs produktai', 'FAD_RT_ML', '20', 'FAD_RU_MGK', 'except chestnut purée', 'išskyrus kaštonų tyrę', '94', 'When E 160b(i) (Annatto bixin) and E 160b(ii) (Annatto norbixin) are added in combination, the higher individual maximum level applies to the sum, but the individual maximum levels shall not be exceeded.', 'Kai E 160b(i) (Anatų biksinas) ir E 160b(ii) (Anatų norbiksinas) dedami kartu, aukštesnis individualus didžiausias lygis taikomas jų sumai, tačiau individualių didžiausių lygių viršyti negalima.', 316896);
INSERT INTO aggregate.eu_additive_restrictions (additive_id, food_category_id, food_category_number, food_category_name_en, food_category_name_lt, restriction_type, restriction_value, restriction_unit, restriction_comment_en, restriction_comment_lt, note_number, note_text_en, note_text_lt, legislation_id) VALUES (365307, '315674', '4.2.5.3', 'other similar fruit or vegetable spreads', 'kiti panašūs vaisių arba daržovių tepiniai', 'FAD_RT_ML', '20', 'FAD_RU_MGK', 'except crème de pruneaux', 'išskyrus crème de pruneaux', '94', 'When E 160b(i) (Annatto bixin) and E 160b(ii) (Annatto norbixin) are added in combination, the higher individual maximum level applies to the sum, but the individual maximum levels shall not be exceeded.', 'Kai E 160b(i) (Anatų biksinas) ir E 160b(ii) (Anatų norbiksinas) dedami kartu, aukštesnis individualus didžiausias lygis taikomas jų sumai, tačiau individualių didžiausių lygių viršyti negalima.', 316896);
INSERT INTO aggregate.eu_additive_restrictions (additive_id, food_category_id, food_category_number, food_category_name_en, food_category_name_lt, restriction_type, restriction_value, restriction_unit, restriction_comment_en, restriction_comment_lt, note_number, note_text_en, note_text_lt, legislation_id) VALUES (365307, '315682', '4.2.6', 'processed potato products', 'perdirbti bulvių produktai', 'FAD_RT_ML', '10', 'FAD_RU_MGK', 'only dried potato granules and flakes', 'tik džiovintų bulvių granulės ir dribsniai', '94', 'When E 160b(i) (Annatto bixin) and E 160b(ii) (Annatto norbixin) are added in combination, the higher individual maximum level applies to the sum, but the individual maximum levels shall not be exceeded.', 'Kai E 160b(i) (Anatų biksinas) ir E 160b(ii) (Anatų norbiksinas) dedami kartu, aukštesnis individualus didžiausias lygis taikomas jų sumai, tačiau individualių didžiausių lygių viršyti negalima.', 316896);
INSERT INTO aggregate.eu_additive_restrictions (additive_id, food_category_id, food_category_number, food_category_name_en, food_category_name_lt, restriction_type, restriction_value, restriction_unit, restriction_comment_en, restriction_comment_lt, note_number, note_text_en, note_text_lt, legislation_id) VALUES (365307, '315694', '5.2', 'Other confectionery including breath freshening micro-sweets', 'Kiti konditerijos gaminiai, įskaitant kvapą gaivinančias mikrokarameliukus', 'FAD_RT_ML', '30', 'FAD_RU_MGK', NULL, NULL, '94', 'When E 160b(i) (Annatto bixin) and E 160b(ii) (Annatto norbixin) are added in combination, the higher individual maximum level applies to the sum, but the individual maximum levels shall not be exceeded.', 'Kai E 160b(i) (Anatų biksinas) ir E 160b(ii) (Anatų norbiksinas) dedami kartu, aukštesnis individualus didžiausias lygis taikomas jų sumai, tačiau individualių didžiausių lygių viršyti negalima.', 316896);
INSERT INTO aggregate.eu_additive_restrictions (additive_id, food_category_id, food_category_number, food_category_name_en, food_category_name_lt, restriction_type, restriction_value, restriction_unit, restriction_comment_en, restriction_comment_lt, note_number, note_text_en, note_text_lt, legislation_id) VALUES (365307, '315702', '5.4', 'Decorations, coatings and fillings, except fruit-based fillings covered by category 4.2.4', 'Dekoracijos, dangos ir įdarai, išskyrus vaisių pagrindu pagamintus įdarus, kuriems taikoma kategorija 4.2.4', 'FAD_RT_ML', '80', 'FAD_RU_MGK', 'only decorations and coatings', 'tik dekoracijos ir dangos', '94', 'When E 160b(i) (Annatto bixin) and E 160b(ii) (Annatto norbixin) are added in combination, the higher individual maximum level applies to the sum, but the individual maximum levels shall not be exceeded.', 'Kai E 160b(i) (Anatų biksinas) ir E 160b(ii) (Anatų norbiksinas) dedami kartu, aukštesnis individualus didžiausias lygis taikomas jų sumai, tačiau individualių didžiausių lygių viršyti negalima.', 316896);
INSERT INTO aggregate.eu_additive_restrictions (additive_id, food_category_id, food_category_number, food_category_name_en, food_category_name_lt, restriction_type, restriction_value, restriction_unit, restriction_comment_en, restriction_comment_lt, note_number, note_text_en, note_text_lt, legislation_id) VALUES (365307, '315754', '6.5', 'Noodles', 'Makaronai', 'FAD_RT_ML', '20', 'FAD_RU_MGK', NULL, NULL, '94', 'When E 160b(i) (Annatto bixin) and E 160b(ii) (Annatto norbixin) are added in combination, the higher individual maximum level applies to the sum, but the individual maximum levels shall not be exceeded.', 'Kai E 160b(i) (Anatų biksinas) ir E 160b(ii) (Anatų norbiksinas) dedami kartu, aukštesnis individualus didžiausias lygis taikomas jų sumai, tačiau individualių didžiausių lygių viršyti negalima.', 316896);
INSERT INTO aggregate.eu_additive_restrictions (additive_id, food_category_id, food_category_number, food_category_name_en, food_category_name_lt, restriction_type, restriction_value, restriction_unit, restriction_comment_en, restriction_comment_lt, note_number, note_text_en, note_text_lt, legislation_id) VALUES (365307, '315758', '6.6', 'Batters', 'Tešlos apvalkalai', 'FAD_RT_ML', '50', 'FAD_RU_MGK', 'only batters for coating', 'tik apvolaliniai tešlos padengimo mišiniai', '94', 'When E 160b(i) (Annatto bixin) and E 160b(ii) (Annatto norbixin) are added in combination, the higher individual maximum level applies to the sum, but the individual maximum levels shall not be exceeded.', 'Kai E 160b(i) (Anatų biksinas) ir E 160b(ii) (Anatų norbiksinas) dedami kartu, aukštesnis individualus didžiausias lygis taikomas jų sumai, tačiau individualių didžiausių lygių viršyti negalima.', 316896);
INSERT INTO aggregate.eu_additive_restrictions (additive_id, food_category_id, food_category_number, food_category_name_en, food_category_name_lt, restriction_type, restriction_value, restriction_unit, restriction_comment_en, restriction_comment_lt, note_number, note_text_en, note_text_lt, legislation_id) VALUES (365307, '315794', '8.2', 'Meat preparations as defined by Regulation (EC) No 853/2004', 'Mėsos pusgaminiai, kaip apibrėžta Reglamente (EB) Nr. 853/2004', 'FAD_RT_ML', '20', 'FAD_RU_MGK', 'only breakfast sausages with a minimum cereal content of 6 % and burger meat with a minimum vegetable and/or cereal content of 4 % mixed within the meat; In these products, the meat is minced in such a way so that the muscle and fat tissue are completely dispersed, so that fibre makes an emulsion with the fat, giving those products their typical appearance', 'tik pusryčių dešrelės, kurių minimalus grūdų kiekis yra 6 %, ir faršo kotletai, kurių minimalus daržovių ir (arba) grūdų kiekis, sumaišytas su mėsa, yra 4 %; šiuose produktuose mėsa smulkinama taip, kad raumenų ir riebalų audiniai būtų visiškai išsklaidyti, todėl skaidulinės medžiagos sudaro emulsiją su riebalais, suteikdamos šiems produktams būdingą išvaizdą', '94', 'When E 160b(i) (Annatto bixin) and E 160b(ii) (Annatto norbixin) are added in combination, the higher individual maximum level applies to the sum, but the individual maximum levels shall not be exceeded.', 'Kai E 160b(i) (Anatų biksinas) ir E 160b(ii) (Anatų norbiksinas) dedami kartu, aukštesnis individualus didžiausias lygis taikomas jų sumai, tačiau individualių didžiausių lygių viršyti negalima.', 316896);
INSERT INTO aggregate.eu_additive_restrictions (additive_id, food_category_id, food_category_number, food_category_name_en, food_category_name_lt, restriction_type, restriction_value, restriction_unit, restriction_comment_en, restriction_comment_lt, note_number, note_text_en, note_text_lt, legislation_id) VALUES (365307, '315802', '8.3.1', 'Non-heat-treated processed meat', 'Termiškai neapdoroti perdirbti mėsos produktai', 'FAD_RT_ML', '20', 'FAD_RU_MGK', 'only chorizo sausage, salchichon, pasturmas and sobrasada', 'tik chorizo dešra, salchichon, pasturmas ir sobrasada', '94', 'When E 160b(i) (Annatto bixin) and E 160b(ii) (Annatto norbixin) are added in combination, the higher individual maximum level applies to the sum, but the individual maximum levels shall not be exceeded.', 'Kai E 160b(i) (Anatų biksinas) ir E 160b(ii) (Anatų norbiksinas) dedami kartu, aukštesnis individualus didžiausias lygis taikomas jų sumai, tačiau individualių didžiausių lygių viršyti negalima.', 316896);
INSERT INTO aggregate.eu_additive_restrictions (additive_id, food_category_id, food_category_number, food_category_name_en, food_category_name_lt, restriction_type, restriction_value, restriction_unit, restriction_comment_en, restriction_comment_lt, note_number, note_text_en, note_text_lt, legislation_id) VALUES (365307, '315806', '8.3.2', 'Heat-treated processed meat', 'Termiškai apdorota perdirbta mėsa', 'FAD_RT_ML', '20', 'FAD_RU_MGK', 'only sausages, pâtés, terrines and luncheon meat', 'tik dešrelės, paštetai, terinai ir šaltieji mėsos gaminiai', '94', 'When E 160b(i) (Annatto bixin) and E 160b(ii) (Annatto norbixin) are added in combination, the higher individual maximum level applies to the sum, but the individual maximum levels shall not be exceeded.', 'Kai E 160b(i) (Anatų biksinas) ir E 160b(ii) (Anatų norbiksinas) dedami kartu, aukštesnis individualus didžiausias lygis taikomas jų sumai, tačiau individualių didžiausių lygių viršyti negalima.', 316896);
INSERT INTO aggregate.eu_additive_restrictions (additive_id, food_category_id, food_category_number, food_category_name_en, food_category_name_lt, restriction_type, restriction_value, restriction_unit, restriction_comment_en, restriction_comment_lt, note_number, note_text_en, note_text_lt, legislation_id) VALUES (365307, '315810', '8.3.3', 'Casings and coatings and decorations for meat', 'Apvalkalai, dangalai ir mėsos dekoracijos', 'FAD_RT_ML', '50', 'FAD_RU_MGK', NULL, NULL, '94', 'When E 160b(i) (Annatto bixin) and E 160b(ii) (Annatto norbixin) are added in combination, the higher individual maximum level applies to the sum, but the individual maximum levels shall not be exceeded.', 'Kai E 160b(i) (Anatų biksinas) ir E 160b(ii) (Anatų norbiksinas) dedami kartu, aukštesnis individualus didžiausias lygis taikomas jų sumai, tačiau individualių didžiausių lygių viršyti negalima.', 316896);
INSERT INTO aggregate.eu_additive_restrictions (additive_id, food_category_id, food_category_number, food_category_name_en, food_category_name_lt, restriction_type, restriction_value, restriction_unit, restriction_comment_en, restriction_comment_lt, note_number, note_text_en, note_text_lt, legislation_id) VALUES (365307, '315846', '9.2', 'Processed fish and fishery products including molluscs and crustaceans', 'Perdirbta žuvis ir žuvininkystės produktai, įskaitant moliuskus ir vėžiagyvius', 'FAD_RT_ML', '10', 'FAD_RU_MGK', 'only smoked fish', 'tik rūkyta žuvis', '94', 'When E 160b(i) (Annatto bixin) and E 160b(ii) (Annatto norbixin) are added in combination, the higher individual maximum level applies to the sum, but the individual maximum levels shall not be exceeded.', 'Kai E 160b(i) (Anatų biksinas) ir E 160b(ii) (Anatų norbiksinas) dedami kartu, aukštesnis individualus didžiausias lygis taikomas jų sumai, tačiau individualių didžiausių lygių viršyti negalima.', 316896);
INSERT INTO aggregate.eu_additive_restrictions (additive_id, food_category_id, food_category_number, food_category_name_en, food_category_name_lt, restriction_type, restriction_value, restriction_unit, restriction_comment_en, restriction_comment_lt, note_number, note_text_en, note_text_lt, legislation_id) VALUES (365307, '315934', '12.5', 'Soups and broths', 'Sriubos ir sultiniai', 'FAD_RT_ML', '15', 'FAD_RU_MGK', NULL, NULL, '94', 'When E 160b(i) (Annatto bixin) and E 160b(ii) (Annatto norbixin) are added in combination, the higher individual maximum level applies to the sum, but the individual maximum levels shall not be exceeded.', 'Kai E 160b(i) (Anatų biksinas) ir E 160b(ii) (Anatų norbiksinas) dedami kartu, aukštesnis individualus didžiausias lygis taikomas jų sumai, tačiau individualių didžiausių lygių viršyti negalima.', 316896);
INSERT INTO aggregate.eu_additive_restrictions (additive_id, food_category_id, food_category_number, food_category_name_en, food_category_name_lt, restriction_type, restriction_value, restriction_unit, restriction_comment_en, restriction_comment_lt, note_number, note_text_en, note_text_lt, legislation_id) VALUES (365307, '315938', '12.6', 'Sauces', 'Padažai', 'FAD_RT_ML', '30', 'FAD_RU_MGK', 'including pickles, relishes, chutney and piccalilli; excluding tomato-based sauces', 'įskaitant marinuotus agurkus, prieskonius, čatnius ir pikalilius; išskyrus pomidorų padažus', '94', 'When E 160b(i) (Annatto bixin) and E 160b(ii) (Annatto norbixin) are added in combination, the higher individual maximum level applies to the sum, but the individual maximum levels shall not be exceeded.', 'Kai E 160b(i) (Anatų biksinas) ir E 160b(ii) (Anatų norbiksinas) dedami kartu, aukštesnis individualus didžiausias lygis taikomas jų sumai, tačiau individualių didžiausių lygių viršyti negalima.', 316896);
INSERT INTO aggregate.eu_additive_restrictions (additive_id, food_category_id, food_category_number, food_category_name_en, food_category_name_lt, restriction_type, restriction_value, restriction_unit, restriction_comment_en, restriction_comment_lt, note_number, note_text_en, note_text_lt, legislation_id) VALUES (365307, '316062', '14.2.6', 'Spirit drinks as defined in Regulation (EU) 2019/787', 'Spiritiniai gėrimai, kaip apibrėžta Reglamente (ES) 2019/787', 'FAD_RT_ML', '10', 'FAD_RU_MGL', 'only liqueurs’', 'tik likeriai''', NULL, NULL, NULL, 316896);
INSERT INTO aggregate.eu_additive_restrictions (additive_id, food_category_id, food_category_number, food_category_name_en, food_category_name_lt, restriction_type, restriction_value, restriction_unit, restriction_comment_en, restriction_comment_lt, note_number, note_text_en, note_text_lt, legislation_id) VALUES (365307, '316090', '15.1', 'Potato- cereal- flour- or starch-based snacks', 'Bulvių, grūdų, miltų arba krakmolo pagrindu pagaminti užkandžiai', 'FAD_RT_ML', '20', 'FAD_RU_MGK', NULL, NULL, '94', 'When E 160b(i) (Annatto bixin) and E 160b(ii) (Annatto norbixin) are added in combination, the higher individual maximum level applies to the sum, but the individual maximum levels shall not be exceeded.', 'Kai E 160b(i) (Anatų biksinas) ir E 160b(ii) (Anatų norbiksinas) dedami kartu, aukštesnis individualus didžiausias lygis taikomas jų sumai, tačiau individualių didžiausių lygių viršyti negalima.', 316896);
INSERT INTO aggregate.eu_additive_restrictions (additive_id, food_category_id, food_category_number, food_category_name_en, food_category_name_lt, restriction_type, restriction_value, restriction_unit, restriction_comment_en, restriction_comment_lt, note_number, note_text_en, note_text_lt, legislation_id) VALUES (365307, '316094', '15.2', 'Processed nuts', 'Perdirbtieji riešutai', 'FAD_RT_ML', '10', 'FAD_RU_MGK', NULL, NULL, '94', 'When E 160b(i) (Annatto bixin) and E 160b(ii) (Annatto norbixin) are added in combination, the higher individual maximum level applies to the sum, but the individual maximum levels shall not be exceeded.', 'Kai E 160b(i) (Anatų biksinas) ir E 160b(ii) (Anatų norbiksinas) dedami kartu, aukštesnis individualus didžiausias lygis taikomas jų sumai, tačiau individualių didžiausių lygių viršyti negalima.', 316896);
INSERT INTO aggregate.eu_additive_restrictions (additive_id, food_category_id, food_category_number, food_category_name_en, food_category_name_lt, restriction_type, restriction_value, restriction_unit, restriction_comment_en, restriction_comment_lt, note_number, note_text_en, note_text_lt, legislation_id) VALUES (365307, '316098', '16', 'Desserts excluding products covered in category 1 3 and 4', 'Desertai, išskyrus produktus, kuriems taikomos kategorijos 1, 3 ir 4', 'FAD_RT_ML', '15', 'FAD_RU_MGK', NULL, NULL, '94', 'When E 160b(i) (Annatto bixin) and E 160b(ii) (Annatto norbixin) are added in combination, the higher individual maximum level applies to the sum, but the individual maximum levels shall not be exceeded.', 'Kai E 160b(i) (Anatų biksinas) ir E 160b(ii) (Anatų norbiksinas) dedami kartu, aukštesnis individualus didžiausias lygis taikomas jų sumai, tačiau individualių didžiausių lygių viršyti negalima.', 316896);
INSERT INTO aggregate.eu_additive_restrictions (additive_id, food_category_id, food_category_number, food_category_name_en, food_category_name_lt, restriction_type, restriction_value, restriction_unit, restriction_comment_en, restriction_comment_lt, note_number, note_text_en, note_text_lt, legislation_id) VALUES (365307, '2747789', '14.1.4', 'Flavoured_drinks', 'Aromatizuoti gėrimai', 'FAD_RT_ML', '20', 'FAD_RU_MGL', NULL, NULL, NULL, NULL, NULL, NULL);
INSERT INTO aggregate.eu_additive_legislations (additive_id, eu_legislation_id, title_en, title_lt, text, eurlex_link, publication_date, date_entry_into_force, oj_number, oj_page) VALUES (365307, 316896, 'COMMISSION REGULATION (EU) 2020/771 of 11 June 2020 amending Annexes II and III to Regulation (EC) No 1333/2008 of the European Parliament and of the Council and the Annex to Commission Regulation (EU) No 231/2012 as regards the use of Annatto, Bixin, Norbixin (E 160b) (Text with EEA relevance)', 'KOMISIJOS REGLAMENTAS (ES) 2020/771 2020 m. birželio 11 d., kuriuo iš dalies keičiami Europos Parlamento ir Tarybos reglamento (EB) Nr. 1333/2008 II ir III priedai ir Komisijos reglamento (ES) Nr. 231/2012 priedas, kiek tai susiję su anaто, biksino, norbiksino (E 160b) naudojimu (Tekstas svarbus EEE)', '(EU) No 2020/0771', NULL, NULL, NULL, 'L184', '25');
INSERT INTO aggregate.eu_additive_legislations (additive_id, eu_legislation_id, title_en, title_lt, text, eurlex_link, publication_date, date_entry_into_force, oj_number, oj_page) VALUES (365307, 2684840, NULL, NULL, NULL, NULL, NULL, NULL, NULL, NULL);
INSERT INTO aggregate.eu_additives (id, e_number, e_number_display, e_number_sort, display_name_en, display_name_lt, identifying_name_en, identifying_name_lt, synonyms_en, synonyms_lt, ins_number, is_group, member_of_group, policy_item_code, source_url, opinion_en, opinion_lt) VALUES (365671, 'E160b(ii)', 'E 160b(ii)', 160, 'Annatto norbixin', 'Anato norbiksinas', 'Annatto norbixin', 'Anato norbiksinas', NULL, NULL, NULL, FALSE, NULL, 'POL-FAD-IMPORT-3380', 'https://ec.europa.eu/food/food-feed-portal/screen/food-additives/search', 'A natural orange-red dye extracted from the seeds of the annatto plant, native to tropical America. It colours everything from cheese rinds and processed cheese to ice cream, jams, and snack foods. The norbixin form is oil-insoluble, making it ideal for surface coatings and water-based products.

Generally considered safe by EFSA and FDA, though it has a notable asterisk — annatto is one of the more common natural colorants linked to allergic reactions in sensitive individuals, including hives and digestive issues. Not a concern for most people, but worth knowing if you have unexplained food sensitivities.', 'Natūralus oranžiniai raudonas dažiklis, gaunamas iš achioto augalo sėklų — augalo, kilusio iš Pietų Amerikos. Suteikia spalvą sūrių plutelėms, perdirbtam sūriui, ledams, uogienėms ir užkandžiams. Norbixino forma netirpi riebaluose, todėl puikiai tinka vandens pagrindu gaminamiems produktams ir paviršių dažymui.

EFSA ir FDA laiko šį dažiklį saugiu, tačiau yra vienas svarbus pastebėjimas — tai vienas dažniausiai alergines reakcijas sukeliančių natūralių dažiklių. Jautriems žmonėms gali sukelti dilgėlinę ar virškinimo sutrikimus. Daugumai jokios problemos, bet verta žinoti, jei pastebite nepaaiškinamą maisto netoleravimą.');
INSERT INTO aggregate.eu_additive_restrictions (additive_id, food_category_id, food_category_number, food_category_name_en, food_category_name_lt, restriction_type, restriction_value, restriction_unit, restriction_comment_en, restriction_comment_lt, note_number, note_text_en, note_text_lt, legislation_id) VALUES (365671, '315526', '1.4', 'flavoured fermented milk products including heat-treated products', 'aromatizuoti fermentuoto pieno produktai, įskaitant termiškai apdorotus produktus', 'FAD_RT_ML', '4', 'FAD_RU_MGL', NULL, NULL, '94', 'When E 160b(i) (Annatto bixin) and E 160b(ii) (Annatto norbixin) are added in combination, the higher individual maximum level applies to the sum, but the individual maximum levels shall not be exceeded.', 'Kai E 160b(i) (Anatų biksinas) ir E 160b(ii) (Anatų norbiksinas) dedami kartu, aukštesnis individualus didžiausias lygis taikomas jų sumai, tačiau individualių didžiausių lygių viršyti negalima.', 316896);
INSERT INTO aggregate.eu_additive_restrictions (additive_id, food_category_id, food_category_number, food_category_name_en, food_category_name_lt, restriction_type, restriction_value, restriction_unit, restriction_comment_en, restriction_comment_lt, note_number, note_text_en, note_text_lt, legislation_id) VALUES (365671, '315558', '1.7.2', 'ripened cheese', 'subrandintas sūris', 'FAD_RT_ML', '15', 'FAD_RU_MGK', 'only ripened orange, yellow and broken-white cheese and red and green pesto cheese', 'tik prinokę oranžiniai, geltoni ir sulaužytos baltos spalvos sūriai bei raudonų ir žalių pesto sūriai', '94', 'When E 160b(i) (Annatto bixin) and E 160b(ii) (Annatto norbixin) are added in combination, the higher individual maximum level applies to the sum, but the individual maximum levels shall not be exceeded.', 'Kai E 160b(i) (Anatų biksinas) ir E 160b(ii) (Anatų norbiksinas) dedami kartu, aukštesnis individualus didžiausias lygis taikomas jų sumai, tačiau individualių didžiausių lygių viršyti negalima.', 316896);
INSERT INTO aggregate.eu_additive_restrictions (additive_id, food_category_id, food_category_number, food_category_name_en, food_category_name_lt, restriction_type, restriction_value, restriction_unit, restriction_comment_en, restriction_comment_lt, note_number, note_text_en, note_text_lt, legislation_id) VALUES (365671, '315562', '1.7.3', 'edible cheese rind', 'valgoma sūrio plutelė', 'FAD_RT_ML', '20', 'FAD_RU_MGK', NULL, NULL, '94', 'When E 160b(i) (Annatto bixin) and E 160b(ii) (Annatto norbixin) are added in combination, the higher individual maximum level applies to the sum, but the individual maximum levels shall not be exceeded.', 'Kai E 160b(i) (Anatų biksinas) ir E 160b(ii) (Anatų norbiksinas) dedami kartu, aukštesnis individualus didžiausias lygis taikomas jų sumai, tačiau individualių didžiausių lygių viršyti negalima.', 316896);
INSERT INTO aggregate.eu_additive_restrictions (additive_id, food_category_id, food_category_number, food_category_name_en, food_category_name_lt, restriction_type, restriction_value, restriction_unit, restriction_comment_en, restriction_comment_lt, note_number, note_text_en, note_text_lt, legislation_id) VALUES (365671, '315570', '1.7.5', 'processed cheese', 'perdirbtas sūris', 'FAD_RT_ML', '8', 'FAD_RU_MGK', NULL, NULL, '94', 'When E 160b(i) (Annatto bixin) and E 160b(ii) (Annatto norbixin) are added in combination, the higher individual maximum level applies to the sum, but the individual maximum levels shall not be exceeded.', 'Kai E 160b(i) (Anatų biksinas) ir E 160b(ii) (Anatų norbiksinas) dedami kartu, aukštesnis individualus didžiausias lygis taikomas jų sumai, tačiau individualių didžiausių lygių viršyti negalima.', 316896);
INSERT INTO aggregate.eu_additive_restrictions (additive_id, food_category_id, food_category_number, food_category_name_en, food_category_name_lt, restriction_type, restriction_value, restriction_unit, restriction_comment_en, restriction_comment_lt, note_number, note_text_en, note_text_lt, legislation_id) VALUES (365671, '315574', '1.7.6', 'cheese products (excluding products falling in category 16)', 'sūrio produktai (išskyrus produktus, priklausančius 16 kategorijai)', 'FAD_RT_ML', '8', 'FAD_RU_MGK', 'only ripened orange, yellow and broken-white products’', 'tik prinokę oranžiniai, geltoni ir sulaužytos baltos spalvos produktai', NULL, NULL, NULL, 316896);
INSERT INTO aggregate.eu_additive_restrictions (additive_id, food_category_id, food_category_number, food_category_name_en, food_category_name_lt, restriction_type, restriction_value, restriction_unit, restriction_comment_en, restriction_comment_lt, note_number, note_text_en, note_text_lt, legislation_id) VALUES (365671, '315610', '3', 'edible ices', 'valgomieji ledai', 'FAD_RT_ML', '20', 'FAD_RU_MGK', NULL, NULL, NULL, NULL, NULL, 316896);
INSERT INTO aggregate.eu_additive_restrictions (additive_id, food_category_id, food_category_number, food_category_name_en, food_category_name_lt, restriction_type, restriction_value, restriction_unit, restriction_comment_en, restriction_comment_lt, note_number, note_text_en, note_text_lt, legislation_id) VALUES (365671, '315662', '4.2.5', 'jam jellies and marmalades and similar products', 'uogienės, želė, marmeladai ir panašūs produktai', 'FAD_RT_ML', '20', 'FAD_RU_MGK', 'except chestnut purée’', 'išskyrus kaštonų tyrę', '94', 'When E 160b(i) (Annatto bixin) and E 160b(ii) (Annatto norbixin) are added in combination, the higher individual maximum level applies to the sum, but the individual maximum levels shall not be exceeded.', 'Kai E 160b(i) (Anatų biksinas) ir E 160b(ii) (Anatų norbiksinas) dedami kartu, aukštesnis individualus didžiausias lygis taikomas jų sumai, tačiau individualių didžiausių lygių viršyti negalima.', 316896);
INSERT INTO aggregate.eu_additive_restrictions (additive_id, food_category_id, food_category_number, food_category_name_en, food_category_name_lt, restriction_type, restriction_value, restriction_unit, restriction_comment_en, restriction_comment_lt, note_number, note_text_en, note_text_lt, legislation_id) VALUES (365671, '315674', '4.2.5.3', 'other similar fruit or vegetable spreads', 'kiti panašūs vaisių arba daržovių tepiniai', 'FAD_RT_ML', '20', 'FAD_RU_MGK', 'except crème de pruneaux’', 'išskyrus crème de pruneaux', '94', 'When E 160b(i) (Annatto bixin) and E 160b(ii) (Annatto norbixin) are added in combination, the higher individual maximum level applies to the sum, but the individual maximum levels shall not be exceeded.', 'Kai E 160b(i) (Anatų biksinas) ir E 160b(ii) (Anatų norbiksinas) dedami kartu, aukštesnis individualus didžiausias lygis taikomas jų sumai, tačiau individualių didžiausių lygių viršyti negalima.', 316896);
INSERT INTO aggregate.eu_additive_restrictions (additive_id, food_category_id, food_category_number, food_category_name_en, food_category_name_lt, restriction_type, restriction_value, restriction_unit, restriction_comment_en, restriction_comment_lt, note_number, note_text_en, note_text_lt, legislation_id) VALUES (365671, '315682', '4.2.6', 'processed potato products', 'perdirbti bulvių produktai', 'FAD_RT_ML', '10', 'FAD_RU_MGK', 'only dried potato granules and flakes’', 'tik džiovintų bulvių granulės ir dribsniai''', '94', 'When E 160b(i) (Annatto bixin) and E 160b(ii) (Annatto norbixin) are added in combination, the higher individual maximum level applies to the sum, but the individual maximum levels shall not be exceeded.', 'Kai E 160b(i) (Anatų biksinas) ir E 160b(ii) (Anatų norbiksinas) dedami kartu, aukštesnis individualus didžiausias lygis taikomas jų sumai, tačiau individualių didžiausių lygių viršyti negalima.', 316896);
INSERT INTO aggregate.eu_additive_restrictions (additive_id, food_category_id, food_category_number, food_category_name_en, food_category_name_lt, restriction_type, restriction_value, restriction_unit, restriction_comment_en, restriction_comment_lt, note_number, note_text_en, note_text_lt, legislation_id) VALUES (365671, '315694', '5.2', 'Other confectionery including breath freshening micro-sweets', 'Kiti konditerijos gaminiai, įskaitant kvapą gaivinančias mikrokarameliukus', 'FAD_RT_ML', '25', 'FAD_RU_MGK', NULL, NULL, '94', 'When E 160b(i) (Annatto bixin) and E 160b(ii) (Annatto norbixin) are added in combination, the higher individual maximum level applies to the sum, but the individual maximum levels shall not be exceeded.', 'Kai E 160b(i) (Anatų biksinas) ir E 160b(ii) (Anatų norbiksinas) dedami kartu, aukštesnis individualus didžiausias lygis taikomas jų sumai, tačiau individualių didžiausių lygių viršyti negalima.', 316896);
INSERT INTO aggregate.eu_additive_restrictions (additive_id, food_category_id, food_category_number, food_category_name_en, food_category_name_lt, restriction_type, restriction_value, restriction_unit, restriction_comment_en, restriction_comment_lt, note_number, note_text_en, note_text_lt, legislation_id) VALUES (365671, '315702', '5.4', 'Decorations, coatings and fillings, except fruit-based fillings covered by category 4.2.4', 'Dekoracijos, dangos ir įdarai, išskyrus vaisių pagrindu pagamintus įdarus, kuriems taikoma kategorija 4.2.4', 'FAD_RT_ML', '20', 'FAD_RU_MGK', 'only decorations and coatings’', 'tik dekoracijos ir dangos', '94', 'When E 160b(i) (Annatto bixin) and E 160b(ii) (Annatto norbixin) are added in combination, the higher individual maximum level applies to the sum, but the individual maximum levels shall not be exceeded.', 'Kai E 160b(i) (Anatų biksinas) ir E 160b(ii) (Anatų norbiksinas) dedami kartu, aukštesnis individualus didžiausias lygis taikomas jų sumai, tačiau individualių didžiausių lygių viršyti negalima.', 316896);
INSERT INTO aggregate.eu_additive_restrictions (additive_id, food_category_id, food_category_number, food_category_name_en, food_category_name_lt, restriction_type, restriction_value, restriction_unit, restriction_comment_en, restriction_comment_lt, note_number, note_text_en, note_text_lt, legislation_id) VALUES (365671, '315726', '6.3', 'breakfast cereals', 'pusryčių dribsniai', 'FAD_RT_ML', '20', 'FAD_RU_MGK', 'only extruded puffed and or fruit-flavoured breakfast cereals’', 'tik ekstruduoti išpūsti ir (arba) vaisių skonio pusryčių dribsniai', NULL, NULL, NULL, 316896);
INSERT INTO aggregate.eu_additive_restrictions (additive_id, food_category_id, food_category_number, food_category_name_en, food_category_name_lt, restriction_type, restriction_value, restriction_unit, restriction_comment_en, restriction_comment_lt, note_number, note_text_en, note_text_lt, legislation_id) VALUES (365671, '315754', '6.5', 'Noodles', 'Makaronai', 'FAD_RT_ML', '20', 'FAD_RU_MGK', NULL, NULL, '94', 'When E 160b(i) (Annatto bixin) and E 160b(ii) (Annatto norbixin) are added in combination, the higher individual maximum level applies to the sum, but the individual maximum levels shall not be exceeded.', 'Kai E 160b(i) (Anatų biksinas) ir E 160b(ii) (Anatų norbiksinas) dedami kartu, aukštesnis individualus didžiausias lygis taikomas jų sumai, tačiau individualių didžiausių lygių viršyti negalima.', 316896);
INSERT INTO aggregate.eu_additive_restrictions (additive_id, food_category_id, food_category_number, food_category_name_en, food_category_name_lt, restriction_type, restriction_value, restriction_unit, restriction_comment_en, restriction_comment_lt, note_number, note_text_en, note_text_lt, legislation_id) VALUES (365671, '315758', '6.6', 'Batters', 'Tešlos apvalkalai', 'FAD_RT_ML', '50', 'FAD_RU_MGK', 'only batters for coating’', 'tik apvolaliniai tešlos padengimo mišiniai', '94', 'When E 160b(i) (Annatto bixin) and E 160b(ii) (Annatto norbixin) are added in combination, the higher individual maximum level applies to the sum, but the individual maximum levels shall not be exceeded.', 'Kai E 160b(i) (Anatų biksinas) ir E 160b(ii) (Anatų norbiksinas) dedami kartu, aukštesnis individualus didžiausias lygis taikomas jų sumai, tačiau individualių didžiausių lygių viršyti negalima.', 316896);
INSERT INTO aggregate.eu_additive_restrictions (additive_id, food_category_id, food_category_number, food_category_name_en, food_category_name_lt, restriction_type, restriction_value, restriction_unit, restriction_comment_en, restriction_comment_lt, note_number, note_text_en, note_text_lt, legislation_id) VALUES (365671, '315782', '7.2', 'Fine bakery wares', 'Smulkūs kepiniai', 'FAD_RT_ML', '10', 'FAD_RU_MGK', NULL, NULL, NULL, NULL, NULL, 316896);
INSERT INTO aggregate.eu_additive_restrictions (additive_id, food_category_id, food_category_number, food_category_name_en, food_category_name_lt, restriction_type, restriction_value, restriction_unit, restriction_comment_en, restriction_comment_lt, note_number, note_text_en, note_text_lt, legislation_id) VALUES (365671, '315794', '8.2', 'Meat preparations as defined by Regulation (EC) No 853/2004', 'Mėsos pusgaminiai, kaip apibrėžta Reglamente (EB) Nr. 853/2004', 'FAD_RT_ML', '20', 'FAD_RU_MGK', 'only breakfast sausages with a minimum cereal content of 6 % and burger meat with a minimum vegetable and/or cereal content of 4 % mixed within the meat; In these products, the meat is minced in such a way so that the muscle and fat tissue are completely dispersed, so that fibre makes an emulsion with the fat, giving those products their typical appearance’', 'tik pusryčių dešrelės, kurių minimalus grūdų kiekis yra 6 %, ir faršo kotletai, kurių minimalus daržovių ir (arba) grūdų kiekis, sumaišytas su mėsa, yra 4 %; šiuose produktuose mėsa smulkinama taip, kad raumenų ir riebalų audiniai būtų visiškai išsklaidyti, todėl skaidulinės medžiagos sudaro emulsiją su riebalais, suteikdamos šiems produktams būdingą išvaizdą', '94', 'When E 160b(i) (Annatto bixin) and E 160b(ii) (Annatto norbixin) are added in combination, the higher individual maximum level applies to the sum, but the individual maximum levels shall not be exceeded.', 'Kai E 160b(i) (Anatų biksinas) ir E 160b(ii) (Anatų norbiksinas) dedami kartu, aukštesnis individualus didžiausias lygis taikomas jų sumai, tačiau individualių didžiausių lygių viršyti negalima.', 316896);
INSERT INTO aggregate.eu_additive_restrictions (additive_id, food_category_id, food_category_number, food_category_name_en, food_category_name_lt, restriction_type, restriction_value, restriction_unit, restriction_comment_en, restriction_comment_lt, note_number, note_text_en, note_text_lt, legislation_id) VALUES (365671, '315802', '8.3.1', 'Non-heat-treated processed meat', 'Termiškai neapdoroti perdirbti mėsos produktai', 'FAD_RT_ML', '20', 'FAD_RU_MGK', 'only chorizo sausage, salchichon, pasturmas and sobrasada’', 'tik chorizo dešra, salchichon, pasturmas ir sobrasada', '94', 'When E 160b(i) (Annatto bixin) and E 160b(ii) (Annatto norbixin) are added in combination, the higher individual maximum level applies to the sum, but the individual maximum levels shall not be exceeded.', 'Kai E 160b(i) (Anatų biksinas) ir E 160b(ii) (Anatų norbiksinas) dedami kartu, aukštesnis individualus didžiausias lygis taikomas jų sumai, tačiau individualių didžiausių lygių viršyti negalima.', 316896);
INSERT INTO aggregate.eu_additive_restrictions (additive_id, food_category_id, food_category_number, food_category_name_en, food_category_name_lt, restriction_type, restriction_value, restriction_unit, restriction_comment_en, restriction_comment_lt, note_number, note_text_en, note_text_lt, legislation_id) VALUES (365671, '315806', '8.3.2', 'Heat-treated processed meat', 'Termiškai apdorota perdirbta mėsa', 'FAD_RT_ML', '20', 'FAD_RU_MGK', 'only sausages, pâtés, terrines and luncheon meat’', 'tik dešrelės, paštetai, terinai ir šaltieji mėsos gaminiai', '94', 'When E 160b(i) (Annatto bixin) and E 160b(ii) (Annatto norbixin) are added in combination, the higher individual maximum level applies to the sum, but the individual maximum levels shall not be exceeded.', 'Kai E 160b(i) (Anatų biksinas) ir E 160b(ii) (Anatų norbiksinas) dedami kartu, aukštesnis individualus didžiausias lygis taikomas jų sumai, tačiau individualių didžiausių lygių viršyti negalima.', 316896);
INSERT INTO aggregate.eu_additive_restrictions (additive_id, food_category_id, food_category_number, food_category_name_en, food_category_name_lt, restriction_type, restriction_value, restriction_unit, restriction_comment_en, restriction_comment_lt, note_number, note_text_en, note_text_lt, legislation_id) VALUES (365671, '315810', '8.3.3', 'Casings and coatings and decorations for meat', 'Apvalkalai, dangalai ir mėsos dekoracijos', 'FAD_RT_ML', '50', 'FAD_RU_MGK', NULL, NULL, '94', 'When E 160b(i) (Annatto bixin) and E 160b(ii) (Annatto norbixin) are added in combination, the higher individual maximum level applies to the sum, but the individual maximum levels shall not be exceeded.', 'Kai E 160b(i) (Anatų biksinas) ir E 160b(ii) (Anatų norbiksinas) dedami kartu, aukštesnis individualus didžiausias lygis taikomas jų sumai, tačiau individualių didžiausių lygių viršyti negalima.', 316896);
INSERT INTO aggregate.eu_additive_restrictions (additive_id, food_category_id, food_category_number, food_category_name_en, food_category_name_lt, restriction_type, restriction_value, restriction_unit, restriction_comment_en, restriction_comment_lt, note_number, note_text_en, note_text_lt, legislation_id) VALUES (365671, '315846', '9.2', 'Processed fish and fishery products including molluscs and crustaceans', 'Perdirbta žuvis ir žuvininkystės produktai, įskaitant moliuskus ir vėžiagyvius', 'FAD_RT_ML', '10', 'FAD_RU_MGK', 'only smoked fish', 'tik rūkyta žuvis', '94', 'When E 160b(i) (Annatto bixin) and E 160b(ii) (Annatto norbixin) are added in combination, the higher individual maximum level applies to the sum, but the individual maximum levels shall not be exceeded.', 'Kai E 160b(i) (Anatų biksinas) ir E 160b(ii) (Anatų norbiksinas) dedami kartu, aukštesnis individualus didžiausias lygis taikomas jų sumai, tačiau individualių didžiausių lygių viršyti negalima.', 316896);
INSERT INTO aggregate.eu_additive_restrictions (additive_id, food_category_id, food_category_number, food_category_name_en, food_category_name_lt, restriction_type, restriction_value, restriction_unit, restriction_comment_en, restriction_comment_lt, note_number, note_text_en, note_text_lt, legislation_id) VALUES (365671, '315934', '12.5', 'Soups and broths', 'Sriubos ir sultiniai', 'FAD_RT_ML', '10', 'FAD_RU_MGK', NULL, NULL, '94', 'When E 160b(i) (Annatto bixin) and E 160b(ii) (Annatto norbixin) are added in combination, the higher individual maximum level applies to the sum, but the individual maximum levels shall not be exceeded.', 'Kai E 160b(i) (Anatų biksinas) ir E 160b(ii) (Anatų norbiksinas) dedami kartu, aukštesnis individualus didžiausias lygis taikomas jų sumai, tačiau individualių didžiausių lygių viršyti negalima.', 316896);
INSERT INTO aggregate.eu_additive_restrictions (additive_id, food_category_id, food_category_number, food_category_name_en, food_category_name_lt, restriction_type, restriction_value, restriction_unit, restriction_comment_en, restriction_comment_lt, note_number, note_text_en, note_text_lt, legislation_id) VALUES (365671, '315938', '12.6', 'Sauces', 'Padažai', 'FAD_RT_ML', '30', 'FAD_RU_MGK', 'including pickles, relishes, chutney and piccalilli; excluding tomato-based sauces’', 'įskaitant marinuotus agurkus, prieskonius, čatnius ir pikalilius; išskyrus pomidorų padažus', '94', 'When E 160b(i) (Annatto bixin) and E 160b(ii) (Annatto norbixin) are added in combination, the higher individual maximum level applies to the sum, but the individual maximum levels shall not be exceeded.', 'Kai E 160b(i) (Anatų biksinas) ir E 160b(ii) (Anatų norbiksinas) dedami kartu, aukštesnis individualus didžiausias lygis taikomas jų sumai, tačiau individualių didžiausių lygių viršyti negalima.', 316896);
INSERT INTO aggregate.eu_additive_restrictions (additive_id, food_category_id, food_category_number, food_category_name_en, food_category_name_lt, restriction_type, restriction_value, restriction_unit, restriction_comment_en, restriction_comment_lt, note_number, note_text_en, note_text_lt, legislation_id) VALUES (365671, '316082', '14.2.8', 'Other alcoholic beverages including mixtures of alcoholic beverages with non-alcoholic beverages and other alcoholic beverages based on distilled alcohol with alcoholic strength by volume less than 15 %', 'Kiti alkoholiniai gėrimai, įskaitant alkoholinių gėrimų mišinius su nealkoholiniais gėrimais ir kitus distiliuotu alkoholiu pagrindu pagamintus alkoholinius gėrimus, kurių faktinė alkoholio koncentracija tūrio procentais yra mažesnė nei 15 %', 'FAD_RT_ML', '10', 'FAD_RU_MGL', 'only alcoholic beverages with alcoholic strength by volume less than 15 %', 'tik alkoholiniai gėrimai, kurių alkoholio kiekis tūrio procentais yra mažesnis nei 15 %', NULL, NULL, NULL, 316896);
INSERT INTO aggregate.eu_additive_restrictions (additive_id, food_category_id, food_category_number, food_category_name_en, food_category_name_lt, restriction_type, restriction_value, restriction_unit, restriction_comment_en, restriction_comment_lt, note_number, note_text_en, note_text_lt, legislation_id) VALUES (365671, '316090', '15.1', 'Potato- cereal- flour- or starch-based snacks', 'Bulvių, grūdų, miltų arba krakmolo pagrindu pagaminti užkandžiai', 'FAD_RT_ML', '20', 'FAD_RU_MGK', NULL, NULL, '94', 'When E 160b(i) (Annatto bixin) and E 160b(ii) (Annatto norbixin) are added in combination, the higher individual maximum level applies to the sum, but the individual maximum levels shall not be exceeded.', 'Kai E 160b(i) (Anatų biksinas) ir E 160b(ii) (Anatų norbiksinas) dedami kartu, aukštesnis individualus didžiausias lygis taikomas jų sumai, tačiau individualių didžiausių lygių viršyti negalima.', 316896);
INSERT INTO aggregate.eu_additive_restrictions (additive_id, food_category_id, food_category_number, food_category_name_en, food_category_name_lt, restriction_type, restriction_value, restriction_unit, restriction_comment_en, restriction_comment_lt, note_number, note_text_en, note_text_lt, legislation_id) VALUES (365671, '316094', '15.2', 'Processed nuts', 'Perdirbtieji riešutai', 'FAD_RT_ML', '10', 'FAD_RU_MGK', NULL, NULL, '94', 'When E 160b(i) (Annatto bixin) and E 160b(ii) (Annatto norbixin) are added in combination, the higher individual maximum level applies to the sum, but the individual maximum levels shall not be exceeded.', 'Kai E 160b(i) (Anatų biksinas) ir E 160b(ii) (Anatų norbiksinas) dedami kartu, aukštesnis individualus didžiausias lygis taikomas jų sumai, tačiau individualių didžiausių lygių viršyti negalima.', 316896);
INSERT INTO aggregate.eu_additive_restrictions (additive_id, food_category_id, food_category_number, food_category_name_en, food_category_name_lt, restriction_type, restriction_value, restriction_unit, restriction_comment_en, restriction_comment_lt, note_number, note_text_en, note_text_lt, legislation_id) VALUES (365671, '316098', '16', 'Desserts excluding products covered in category 1 3 and 4', 'Desertai, išskyrus produktus, kuriems taikomos kategorijos 1, 3 ir 4', 'FAD_RT_ML', '7.5', 'FAD_RU_MGK', NULL, NULL, '94', 'When E 160b(i) (Annatto bixin) and E 160b(ii) (Annatto norbixin) are added in combination, the higher individual maximum level applies to the sum, but the individual maximum levels shall not be exceeded.', 'Kai E 160b(i) (Anatų biksinas) ir E 160b(ii) (Anatų norbiksinas) dedami kartu, aukštesnis individualus didžiausias lygis taikomas jų sumai, tačiau individualių didžiausių lygių viršyti negalima.', 316896);
INSERT INTO aggregate.eu_additive_legislations (additive_id, eu_legislation_id, title_en, title_lt, text, eurlex_link, publication_date, date_entry_into_force, oj_number, oj_page) VALUES (365671, 316896, 'COMMISSION REGULATION (EU) 2020/771 of 11 June 2020 amending Annexes II and III to Regulation (EC) No 1333/2008 of the European Parliament and of the Council and the Annex to Commission Regulation (EU) No 231/2012 as regards the use of Annatto, Bixin, Norbixin (E 160b) (Text with EEA relevance)', 'KOMISIJOS REGLAMENTAS (ES) 2020/771 2020 m. birželio 11 d., kuriuo iš dalies keičiami Europos Parlamento ir Tarybos reglamento (EB) Nr. 1333/2008 II ir III priedai ir Komisijos reglamento (ES) Nr. 231/2012 priedas, kiek tai susiję su anaто, biksino, norbiksino (E 160b) naudojimu (Tekstas svarbus EEE)', '(EU) No 2020/0771', NULL, NULL, NULL, 'L184', '25');
INSERT INTO aggregate.eu_additive_legislations (additive_id, eu_legislation_id, title_en, title_lt, text, eurlex_link, publication_date, date_entry_into_force, oj_number, oj_page) VALUES (365671, 1764184, NULL, NULL, NULL, NULL, NULL, NULL, NULL, NULL);
INSERT INTO aggregate.eu_additives (id, e_number, e_number_display, e_number_sort, display_name_en, display_name_lt, identifying_name_en, identifying_name_lt, synonyms_en, synonyms_lt, ins_number, is_group, member_of_group, policy_item_code, source_url, opinion_en, opinion_lt) VALUES (366104, 'E262(ii)', 'E 262(ii)', 262, 'Sodium diacetate', 'Natrio diacetatas', 'Sodium diacetate', 'Natrio diacetatas', NULL, NULL, NULL, FALSE, NULL, 'POL-FAD-IMPORT-3382', 'https://ec.europa.eu/food/food-feed-portal/screen/food-additives/search', 'A preservative and acidity regulator, made by combining sodium acetate with acetic acid — essentially a salt of vinegar. It inhibits mould and bacterial growth, and gives a mild vinegar-like tang. Found mainly in savoury snacks, crackers, and some baked goods.

Authorised in very few food categories, which reflects its limited but targeted use. Considered safe by EFSA at levels used in food. No significant health concerns have been raised.', 'Konservantas ir rūgštingumo reguliatorius — tai natrio acetato ir acto rūgšties junginys, iš esmės acto druska. Slopina pelėsių ir bakterijų augimą, suteikia lengvą acto prieskonį. Randamas sūriuose užkandžiuose, krekersiuose ir kai kuriuose kepiniuose.

Leistinas labai nedaugelyje maisto kategorijų — tai rodo siaurą, tikslinį jo naudojimą. EFSA laiko jį saugiu įprastais kiekiais. Rimtesnių sveikatos rizikų su šia medžiaga nesiejama.');
INSERT INTO aggregate.eu_additive_restrictions (additive_id, food_category_id, food_category_number, food_category_name_en, food_category_name_lt, restriction_type, restriction_value, restriction_unit, restriction_comment_en, restriction_comment_lt, note_number, note_text_en, note_text_lt, legislation_id) VALUES (366104, NULL, NULL, NULL, NULL, NULL, NULL, NULL, NULL, NULL, NULL, NULL, NULL, NULL);
INSERT INTO aggregate.eu_additive_legislations (additive_id, eu_legislation_id, title_en, title_lt, text, eurlex_link, publication_date, date_entry_into_force, oj_number, oj_page) VALUES (366104, NULL, NULL, NULL, NULL, NULL, NULL, NULL, NULL, NULL);
INSERT INTO aggregate.eu_additives (id, e_number, e_number_display, e_number_sort, display_name_en, display_name_lt, identifying_name_en, identifying_name_lt, synonyms_en, synonyms_lt, ins_number, is_group, member_of_group, policy_item_code, source_url, opinion_en, opinion_lt) VALUES (362202, 'E341(iii)', 'E 341 (iii)', 341, 'Tricalcium phosphate', 'Trikalcio fosfatas', 'Tricalcium phosphate', 'Trikalcio fosfatas', NULL, NULL, NULL, FALSE, NULL, 'POL-FAD-IMPORT-3336', 'https://ec.europa.eu/food/food-feed-portal/screen/food-additives/search', 'A mineral salt used as an acidity regulator, anti-caking agent, and calcium supplement in food. It''s the same calcium compound found naturally in bones and teeth. Commonly found in infant formula, baby foods, and processed cereals, where it serves as a calcium source for developing bodies.

Generally considered safe by EFSA and FDA, even for infants. It''s well-tolerated at typical food levels, and its use in baby nutrition products is tightly regulated to ensure appropriate dosing.', 'Tai mineralinė druska, naudojama kaip rūgštingumo reguliatorius, sukietėjimą stabdanti medžiaga ir kalcio šaltinis. Tokį patį kalcio junginį natūraliai randame kauluose ir dantyse. Dažniausiai sutinkama kūdikių mišiniuose, kūdikių maiste ir perdirbtų grūdų produktuose.

ESPP ir FDA laiko šią medžiagą saugia — net kūdikiams. Kūdikių maiste jos kiekiai griežtai reglamentuojami pagal ES reglamentą Nr. 609/2013, todėl nereikia jaudintis dėl perdozavimo.');
INSERT INTO aggregate.eu_additive_restrictions (additive_id, food_category_id, food_category_number, food_category_name_en, food_category_name_lt, restriction_type, restriction_value, restriction_unit, restriction_comment_en, restriction_comment_lt, note_number, note_text_en, note_text_lt, legislation_id) VALUES (362202, '315962', '13.1.1', 'infant formulae as defined by Regulation (EU) No 609/2013', 'pradinės formulės, kaip apibrėžta Reglamente (ES) Nr. 609/2013', 'FAD_RT_ML', '150', 'FAD_RU_MGK', 'Maximum carry-over of 150 mg/kg expressed as P2O5and within the limit for calcium, phosphorus, and the calcium:phosphorus ratio as set in Delegated Regulation (EU) 2016/127', 'Didžiausias pernešimo kiekis – 150 mg/kg, išreikštas P2O5, neviršijant kalcio, fosforo ir kalcio bei fosforo santykio ribų, nustatytų Deleguotajame reglamente (ES) 2016/127', NULL, NULL, NULL, 316236);
INSERT INTO aggregate.eu_additive_restrictions (additive_id, food_category_id, food_category_number, food_category_name_en, food_category_name_lt, restriction_type, restriction_value, restriction_unit, restriction_comment_en, restriction_comment_lt, note_number, note_text_en, note_text_lt, legislation_id) VALUES (362202, '315966', '13.1.2', 'follow-on formulae as defined by by Regulation (EU) No 609/2013', 'tolesnio maitinimo formulės, kaip apibrėžta Reglamente (ES) Nr. 609/2013', 'FAD_RT_ML', '150', 'FAD_RU_MGK', 'Maximum carry-over of 150 mg/kg expressed as P2O5and within the limit for calcium, phosphorus, and the calcium:phosphorus ratio as set in Delegated Regulation (EU) 2016/127', 'Didžiausias pernešimo kiekis – 150 mg/kg, išreikštas P2O5, neviršijant kalcio, fosforo ir kalcio bei fosforo santykio ribų, nustatytų Deleguotajame reglamente (ES) 2016/127', NULL, NULL, NULL, 316236);
INSERT INTO aggregate.eu_additive_restrictions (additive_id, food_category_id, food_category_number, food_category_name_en, food_category_name_lt, restriction_type, restriction_value, restriction_unit, restriction_comment_en, restriction_comment_lt, note_number, note_text_en, note_text_lt, legislation_id) VALUES (362202, '315970', '13.1.3', 'Processed cereal-based foods and baby foods as defined by Regulation (EU) No 609/2013', 'Perdirbtų grūdų pagrindu pagaminti maisto produktai ir kūdikių maistas, kaip apibrėžta Reglamente (ES) Nr. 609/2013', 'FAD_RT_ML', '1000', 'FAD_RU_MGK', 'Maximum level of 1 000 mg/ kg expressed as P2O5from all uses in final food mentioned in Part E, point 13.1.3, of Annex II is respected', 'Laikomasi didžiausio 1 000 mg/kg lygio, išreikšto P2O5, gaunamo iš visų naudojimo atvejų galutiniame maisto produkte, nurodytų II priedo E dalyje, 13.1.3 punkte', NULL, NULL, NULL, 316236);
INSERT INTO aggregate.eu_additive_legislations (additive_id, eu_legislation_id, title_en, title_lt, text, eurlex_link, publication_date, date_entry_into_force, oj_number, oj_page) VALUES (362202, 316236, 'Commission Regulation (EU) 244/2013 of 19/03/2013 amendng Annex III to Regulation (EU) 1333/2008 of the European Parliament and of the Council as regards the use of Tricalcium phosphate (E341 (iii)) in nutrient preparations intended for use in foods for infants and young children. TEXT with EEA relevance.', 'Komisijos reglamentas (ES) 244/2013, 2013 m. kovo 19 d., kuriuo iš dalies keičiamas Europos Parlamento ir Tarybos reglamento (ES) 1333/2008 III priedas dėl trikalcio fosfato (E341 (iii)) naudojimo maistinėse preparatuose, skirtuose kūdikių ir mažų vaikų maiste. Tekstas svarbus EEE', '(EU) No 0244/2013', NULL, NULL, NULL, 'L 77', '3');
INSERT INTO aggregate.eu_additive_legislations (additive_id, eu_legislation_id, title_en, title_lt, text, eurlex_link, publication_date, date_entry_into_force, oj_number, oj_page) VALUES (362202, 2684840, NULL, NULL, NULL, NULL, NULL, NULL, NULL, NULL);
INSERT INTO aggregate.eu_additives (id, e_number, e_number_display, e_number_sort, display_name_en, display_name_lt, identifying_name_en, identifying_name_lt, synonyms_en, synonyms_lt, ins_number, is_group, member_of_group, policy_item_code, source_url, opinion_en, opinion_lt) VALUES (1754010, 'E345(i)', 'E345(i)', 345, 'Trimagnesium dicitrate', 'Trimagnesio dicitratas', 'Trimagnesium dicitrate', 'Trimagnesio dicitratas', NULL, NULL, NULL, FALSE, NULL, 'POL-FAD-10321', 'https://ec.europa.eu/food/food-feed-portal/screen/food-additives/search', 'A magnesium salt of citric acid, used in food supplements as a source of dietary magnesium. Found almost exclusively in solid supplement tablets and capsules. Magnesium itself is an essential mineral involved in hundreds of bodily processes — muscle function, nerve signalling, energy production. This form is generally well-tolerated and considered safe by EFSA at typical supplement doses.', 'Tai magnio druska, gauta iš citrinos rūgšties — naudojama maisto papilduose kaip magnio šaltinis. Randama beveik išimtinai kietose papildų tabletėse ir kapsulėse. Magnis — gyvybiškai svarbus mineralas, dalyvaujantis raumenų veikloje, nervų perdavime ir energijos gamyboje. Ši forma gerai toleruojama ir EFSA laikoma saugia įprastomis papildų dozėmis.');
INSERT INTO aggregate.eu_additive_restrictions (additive_id, food_category_id, food_category_number, food_category_name_en, food_category_name_lt, restriction_type, restriction_value, restriction_unit, restriction_comment_en, restriction_comment_lt, note_number, note_text_en, note_text_lt, legislation_id) VALUES (1754010, '316106', '17.1', 'food supplements supplied in a solid form excluding food supplements for infants and young children’,', 'maisto papildai, tiekiami kietos formos, išskyrus maisto papildus kūdikiams ir mažiems vaikams', 'FAD_RT_ML', '100,000', NULL, NULL, NULL, NULL, NULL, NULL, 1753869);
INSERT INTO aggregate.eu_additive_legislations (additive_id, eu_legislation_id, title_en, title_lt, text, eurlex_link, publication_date, date_entry_into_force, oj_number, oj_page) VALUES (1754010, 1753869, NULL, NULL, NULL, NULL, NULL, NULL, NULL, NULL);
INSERT INTO aggregate.eu_additives (id, e_number, e_number_display, e_number_sort, display_name_en, display_name_lt, identifying_name_en, identifying_name_lt, synonyms_en, synonyms_lt, ins_number, is_group, member_of_group, policy_item_code, source_url, opinion_en, opinion_lt) VALUES (364262, 'E450(ix)', 'E 450 (ix)', 450, 'Magnesium dihydrogen diphosphate', 'Magnio dihidrogeno difosfatas', 'Magnesium dihydrogen diphosphate', 'Magnio dihidrogeno difosfatas', NULL, NULL, NULL, FALSE, NULL, 'POL-FAD-IMPORT-3360', 'https://ec.europa.eu/food/food-feed-portal/screen/food-additives/search', 'A leavening agent and acidity regulator, mainly used in baking to help doughs rise and improve texture. Synthetic in origin, but phosphates occur naturally in many foods. Found in breads, noodles, batters, and flour mixes. Generally considered safe by EFSA at typical food levels. High phosphate intake overall — from all dietary sources — is worth watching for people with kidney problems.', 'Rauginimo medžiaga ir rūgštingumo reguliatorius, naudojamas kepiniuose — padeda tešlai kilti ir gerina tekstūrą. Sintetinės kilmės, tačiau fosfatai natūraliai randami daugelyje maisto produktų. Sutinkamas duonoje, makaronuose, tešlos mišiniuose. EFSA laiko saugiu įprastais kiekiais. Tačiau bendras fosfatų kiekis mityboje — iš visų šaltinių kartu — gali kelti problemų žmonėms, turintiems inkstų sutrikimų.');
INSERT INTO aggregate.eu_additive_restrictions (additive_id, food_category_id, food_category_number, food_category_name_en, food_category_name_lt, restriction_type, restriction_value, restriction_unit, restriction_comment_en, restriction_comment_lt, note_number, note_text_en, note_text_lt, legislation_id) VALUES (364262, '315754', '6.5', 'Noodles', 'Makaronai', 'FAD_RT_ML', '2000', 'FAD_RU_MGK', NULL, NULL, '4', 'The maximum level is expressed as P2O5', 'Didžiausias lygis išreiškiamas kaip P2O5', 316256);
INSERT INTO aggregate.eu_additive_restrictions (additive_id, food_category_id, food_category_number, food_category_name_en, food_category_name_lt, restriction_type, restriction_value, restriction_unit, restriction_comment_en, restriction_comment_lt, note_number, note_text_en, note_text_lt, legislation_id) VALUES (364262, '315758', '6.6', 'Batters', 'Tešlos apvalkalai', 'FAD_RT_ML', '12000', 'FAD_RU_MGK', NULL, NULL, '4', 'The maximum level is expressed as P2O5', 'Didžiausias lygis išreiškiamas kaip P2O5', 316256);
INSERT INTO aggregate.eu_additive_restrictions (additive_id, food_category_id, food_category_number, food_category_name_en, food_category_name_lt, restriction_type, restriction_value, restriction_unit, restriction_comment_en, restriction_comment_lt, note_number, note_text_en, note_text_lt, legislation_id) VALUES (364262, '315782', '7.2', 'Fine bakery wares', 'Smulkūs kepiniai', 'FAD_RT_ML', '15000', NULL, NULL, NULL, '4', 'The maximum level is expressed as P2O5', 'Didžiausias lygis išreiškiamas kaip P2O5', 316256);
INSERT INTO aggregate.eu_additive_restrictions (additive_id, food_category_id, food_category_number, food_category_name_en, food_category_name_lt, restriction_type, restriction_value, restriction_unit, restriction_comment_en, restriction_comment_lt, note_number, note_text_en, note_text_lt, legislation_id) VALUES (364262, '315718', '6.2.1', 'flours', 'miltai', 'FAD_RT_ML', '15000', 'FAD_RU_MGK', 'only self-raising flour', 'tik savarankiškai kylantys miltai', '4', 'The maximum level is expressed as P2O5', 'Didžiausias lygis išreiškiamas kaip P2O5', 316256);
INSERT INTO aggregate.eu_additive_restrictions (additive_id, food_category_id, food_category_number, food_category_name_en, food_category_name_lt, restriction_type, restriction_value, restriction_unit, restriction_comment_en, restriction_comment_lt, note_number, note_text_en, note_text_lt, legislation_id) VALUES (364262, '315770', '7.1', 'Bread and rolls', 'Duona ir bandelės', 'FAD_RT_ML', '15000', 'FAD_RU_MGK', 'only pizza dough (frozen or chilled) and tortilla', 'tik picų tešla (šaldyta arba atšaldyta) ir tortilija', '4', 'The maximum level is expressed as P2O5', 'Didžiausias lygis išreiškiamas kaip P2O5', 316256);
INSERT INTO aggregate.eu_additive_legislations (additive_id, eu_legislation_id, title_en, title_lt, text, eurlex_link, publication_date, date_entry_into_force, oj_number, oj_page) VALUES (364262, 316256, 'Commission Regulation (EU) 298/2014 of 21/03/2014 amending Annex II to Regulation (EC) 1333/2008 of the European Parliament and of the Council and the Annex to Commission Regulation (EU) 231/2012 as regards magnesium dihydrogen diphosphate for use as raising agent and acididity regulator. TEXT with EEA relevance.', 'Komisijos reglamentas (ES) 298/2014, 2014 m. kovo 21 d., kuriuo iš dalies keičiamas Europos Parlamento ir Tarybos reglamento (EB) 1333/2008 II priedas ir Komisijos reglamento (ES) 231/2012 priedas dėl magnio dihidrogeno difosfato naudojimo kaip kildiklio ir rūgštingumo reguliatoriaus. Tekstas svarbus EEE', '(EU) No 0298/2014', NULL, NULL, NULL, 'L 89', '36');
INSERT INTO aggregate.eu_additives (id, e_number, e_number_display, e_number_sort, display_name_en, display_name_lt, identifying_name_en, identifying_name_lt, synonyms_en, synonyms_lt, ins_number, is_group, member_of_group, policy_item_code, source_url, opinion_en, opinion_lt) VALUES (364597, 'E460(ii)', 'E 460(ii)', 460, 'Powdered cellulose', 'Miltelinė celiuliozė', 'Powdered cellulose', 'Miltelinė celiuliozė', NULL, NULL, NULL, FALSE, 'POL-FAD-IMPORT-2981', 'POL-FAD-IMPORT-3365', 'https://ec.europa.eu/food/food-feed-portal/screen/food-additives/search', 'A plant-derived fibre extracted from wood pulp or cotton, used mainly as an anti-caking agent, thickener, and bulking agent. It keeps powdered and grated products from clumping together and adds bulk without adding calories.

Generally considered safe by EFSA and FDA. The body cannot digest it — it passes through unchanged, much like dietary fibre. Found in grated cheeses, low-calorie foods, and tablet sweeteners.', 'Tai augalinės kilmės pluoštas, gaunamas iš medienos masės ar medvilnės. Naudojamas kaip piltuvinis agentas, tirštiklis ir apimties didintojas — neleidžia miltelinėms ar tarkuotoms medžiagoms sulipti.

Organizmas jo nevirškina — jis praeina per žarnyną kaip maistinės skaidulos. EFSA ir FDA laiko jį saugiu. Dažniausiai randamas tarkuotuose sūriuose, mažakalorijuose produktuose ir staliniuose saldikliuose.');
INSERT INTO aggregate.eu_additive_restrictions (additive_id, food_category_id, food_category_number, food_category_name_en, food_category_name_lt, restriction_type, restriction_value, restriction_unit, restriction_comment_en, restriction_comment_lt, note_number, note_text_en, note_text_lt, legislation_id) VALUES (364597, '315894', '11.4.3', 'table-top sweeteners in tablets', 'stalo saldikliai tabletėmis', 'FAD_RT_QS', NULL, NULL, '', NULL, NULL, NULL, NULL, 316526);
INSERT INTO aggregate.eu_additive_restrictions (additive_id, food_category_id, food_category_number, food_category_name_en, food_category_name_lt, restriction_type, restriction_value, restriction_unit, restriction_comment_en, restriction_comment_lt, note_number, note_text_en, note_text_lt, legislation_id) VALUES (364597, '315566', '1.7.4', 'whey cheese', 'išrūgų sūris', 'FAD_RT_QS', NULL, NULL, 'only grated and sliced cheese', 'tik tarkuoti ir pjaustytais griežinėliais supjaustyti sūriai', NULL, NULL, NULL, 316526);
INSERT INTO aggregate.eu_additive_restrictions (additive_id, food_category_id, food_category_number, food_category_name_en, food_category_name_lt, restriction_type, restriction_value, restriction_unit, restriction_comment_en, restriction_comment_lt, note_number, note_text_en, note_text_lt, legislation_id) VALUES (364597, '315554', '1.7.1', 'unripened cheese excluding products falling in category 16', 'nesubrandintas sūris, išskyrus produktus, priskiriamus 16 kategorijai', 'FAD_RT_QS', NULL, NULL, 'only grated and sliced mozzarella', 'tik tarkuota ir pjaustytais griežinėliais supjaustyta mozzarella', NULL, NULL, NULL, 316526);
INSERT INTO aggregate.eu_additive_restrictions (additive_id, food_category_id, food_category_number, food_category_name_en, food_category_name_lt, restriction_type, restriction_value, restriction_unit, restriction_comment_en, restriction_comment_lt, note_number, note_text_en, note_text_lt, legislation_id) VALUES (364597, '315574', '1.7.6', 'cheese products (excluding products falling in category 16)', 'sūrio produktai (išskyrus produktus, priklausančius 16 kategorijai)', 'FAD_RT_QS', NULL, NULL, 'only grated and sliced ripened and unripened products; unripened soft spreadable cheese products’', 'tik tarkuoti ir pjaustytais griežinėliais supjaustyti subrandinti ir nesubrandinti produktai; nesubrandinti minkšti tepieji sūrio produktai', NULL, NULL, NULL, NULL);
INSERT INTO aggregate.eu_additive_legislations (additive_id, eu_legislation_id, title_en, title_lt, text, eurlex_link, publication_date, date_entry_into_force, oj_number, oj_page) VALUES (364597, 316526, 'Commission Regulation (EU) No 1129/2011 of 11 November 2011 amending Annex II to Regulation EC No 1333/2008 of the European Parliament and of the Council by establishing a Union list of food Additives . TEXT with EEA relevance.', 'Komisijos reglamentas (ES) Nr. 1129/2011 2011 m. lapkričio 11 d., kuriuo iš dalies keičiamas Europos Parlamento ir Tarybos reglamento (EB) Nr. 1333/2008 II priedas nustatant Sąjungos maisto priedų sąrašą. Tekstas svarbus EEE.', '(EU) No 1129/2011', NULL, NULL, NULL, 'L295', '1');
INSERT INTO aggregate.eu_additive_legislations (additive_id, eu_legislation_id, title_en, title_lt, text, eurlex_link, publication_date, date_entry_into_force, oj_number, oj_page) VALUES (364597, 2002564, NULL, NULL, NULL, NULL, NULL, NULL, NULL, NULL);
INSERT INTO aggregate.eu_additives (id, e_number, e_number_display, e_number_sort, display_name_en, display_name_lt, identifying_name_en, identifying_name_lt, synonyms_en, synonyms_lt, ins_number, is_group, member_of_group, policy_item_code, source_url, opinion_en, opinion_lt) VALUES (1487061, 'E460(i)', 'E 460(i)', 460, 'Microcrystalline cellulose, Cellulose gel', 'Mikrokristalinis celiuliozė, celiuliozės gelis', 'Microcrystalline cellulose, Cellulose gel', 'Mikrokristalinis celiuliozė, celiuliozės gelis', NULL, NULL, NULL, FALSE, 'POL-FAD-IMPORT-2981', 'POL-FAD-IMPORT-3165', 'https://ec.europa.eu/food/food-feed-portal/screen/food-additives/search', 'A plant-derived fibre used as a bulking agent, anti-caking agent, and texturizer. It helps powders flow freely, gives low-fat dairy products a creamier texture, and stabilizes tablets and liquid sweeteners. Derived from purified wood pulp or cotton cellulose — technically natural in origin.

Your body doesn''t digest it, so it passes through without contributing calories. EFSA and FDA both consider it safe at typical food use levels. No significant health concerns have been identified.', 'Tai augalinės kilmės pluoštas, naudojamas kaip pildiklis, sukietėjimą stabdanti medžiaga ir tekstūros gerintojas. Neleidžia milteliams sulipti, suteikia kreminę konsistenciją mažai riebiems pieno produktams, stabilizuoja tablečių formos saldiklius. Gaunamas iš išgryninto medienos plaušienos arba medvilnės celiuliozės — iš esmės natūralios kilmės.

Organizmas jo nevirškina — praeina per žarnyną nepasisavindamas, kalorijų nesuteikia. EFSA ir FDA laiko šią medžiagą saugia įprastais maisto pramonės naudojimo kiekiais. Jokių reikšmingų sveikatos rizikų nenustatyta.');
INSERT INTO aggregate.eu_additive_restrictions (additive_id, food_category_id, food_category_number, food_category_name_en, food_category_name_lt, restriction_type, restriction_value, restriction_unit, restriction_comment_en, restriction_comment_lt, note_number, note_text_en, note_text_lt, legislation_id) VALUES (1487061, '315542', '1.6.2', 'Unflavoured live fermented cream products and substitute products, both with a fat content of less than 20 %', 'Nearomatizuoti gyvi fermentuoti grietinėlės produktai ir jų pakaitalai, kurių riebalų kiekis mažesnis nei 20 %', 'FAD_RT_QS', NULL, NULL, NULL, NULL, NULL, NULL, NULL, 316526);
INSERT INTO aggregate.eu_additive_restrictions (additive_id, food_category_id, food_category_number, food_category_name_en, food_category_name_lt, restriction_type, restriction_value, restriction_unit, restriction_comment_en, restriction_comment_lt, note_number, note_text_en, note_text_lt, legislation_id) VALUES (1487061, '315886', '11.4.1', 'table-top sweeteners in liquid form', 'stalo saldikliai skystoje formoje', NULL, NULL, NULL, NULL, NULL, NULL, NULL, NULL, 316586);
INSERT INTO aggregate.eu_additive_restrictions (additive_id, food_category_id, food_category_number, food_category_name_en, food_category_name_lt, restriction_type, restriction_value, restriction_unit, restriction_comment_en, restriction_comment_lt, note_number, note_text_en, note_text_lt, legislation_id) VALUES (1487061, '315890', '11.4.2', 'table-top sweeteners in powder form', 'stalo saldikliai miltelių pavidalu', 'FAD_RT_QS', NULL, NULL, NULL, NULL, NULL, NULL, NULL, 316526);
INSERT INTO aggregate.eu_additive_restrictions (additive_id, food_category_id, food_category_number, food_category_name_en, food_category_name_lt, restriction_type, restriction_value, restriction_unit, restriction_comment_en, restriction_comment_lt, note_number, note_text_en, note_text_lt, legislation_id) VALUES (1487061, '315894', '11.4.3', 'table-top sweeteners in tablets', 'stalo saldikliai tabletėmis', 'FAD_RT_QS', NULL, NULL, NULL, NULL, NULL, NULL, NULL, 316586);
INSERT INTO aggregate.eu_additive_restrictions (additive_id, food_category_id, food_category_number, food_category_name_en, food_category_name_lt, restriction_type, restriction_value, restriction_unit, restriction_comment_en, restriction_comment_lt, note_number, note_text_en, note_text_lt, legislation_id) VALUES (1487061, '315554', '1.7.1', 'unripened cheese excluding products falling in category 16', 'nesubrandintas sūris, išskyrus produktus, priskiriamus 16 kategorijai', 'FAD_RT_QS', NULL, NULL, 'only grated and sliced mozzarella', 'tik tarkuota ir pjaustytais griežinėliais supjaustyta mozzarella', NULL, NULL, NULL, 316526);
INSERT INTO aggregate.eu_additive_restrictions (additive_id, food_category_id, food_category_number, food_category_name_en, food_category_name_lt, restriction_type, restriction_value, restriction_unit, restriction_comment_en, restriction_comment_lt, note_number, note_text_en, note_text_lt, legislation_id) VALUES (1487061, '315574', '1.7.6', 'cheese products (excluding products falling in category 16)', 'sūrio produktai (išskyrus produktus, priklausančius 16 kategorijai)', 'FAD_RT_QS', NULL, NULL, 'only grated and sliced ripened products and unripened products', 'tik tarkuoti ir pjaustytais griežinėliais supjaustyti subrandinti ir nesubrandinti produktai', NULL, NULL, NULL, 316526);
INSERT INTO aggregate.eu_additive_restrictions (additive_id, food_category_id, food_category_number, food_category_name_en, food_category_name_lt, restriction_type, restriction_value, restriction_unit, restriction_comment_en, restriction_comment_lt, note_number, note_text_en, note_text_lt, legislation_id) VALUES (1487061, '315918', '12.2.1', 'Herbs and spices', 'Žolelės ir prieskoniai', 'FAD_RT_QS', NULL, NULL, 'only when dried', 'tik kai džiovinta', NULL, NULL, NULL, 316526);
INSERT INTO aggregate.eu_additive_restrictions (additive_id, food_category_id, food_category_number, food_category_name_en, food_category_name_lt, restriction_type, restriction_value, restriction_unit, restriction_comment_en, restriction_comment_lt, note_number, note_text_en, note_text_lt, legislation_id) VALUES (1487061, '315558', '1.7.2', 'ripened cheese', 'subrandintas sūris', 'FAD_RT_QS', NULL, NULL, 'only sliced and grated ripened cheese', 'tik supjaustyti griežinėliais ir sutarkuoti prinokę sūriai', NULL, NULL, NULL, 316526);
INSERT INTO aggregate.eu_additive_legislations (additive_id, eu_legislation_id, title_en, title_lt, text, eurlex_link, publication_date, date_entry_into_force, oj_number, oj_page) VALUES (1487061, 316526, 'Commission Regulation (EU) No 1129/2011 of 11 November 2011 amending Annex II to Regulation EC No 1333/2008 of the European Parliament and of the Council by establishing a Union list of food Additives . TEXT with EEA relevance.', 'Komisijos reglamentas (ES) Nr. 1129/2011 2011 m. lapkričio 11 d., kuriuo iš dalies keičiamas Europos Parlamento ir Tarybos reglamento (EB) Nr. 1333/2008 II priedas nustatant Sąjungos maisto priedų sąrašą. Tekstas svarbus EEE.', '(EU) No 1129/2011', NULL, NULL, NULL, 'L295', '1');
INSERT INTO aggregate.eu_additive_legislations (additive_id, eu_legislation_id, title_en, title_lt, text, eurlex_link, publication_date, date_entry_into_force, oj_number, oj_page) VALUES (1487061, 316586, NULL, NULL, NULL, NULL, NULL, NULL, NULL, NULL);
INSERT INTO aggregate.eu_additives (id, e_number, e_number_display, e_number_sort, display_name_en, display_name_lt, identifying_name_en, identifying_name_lt, synonyms_en, synonyms_lt, ins_number, is_group, member_of_group, policy_item_code, source_url, opinion_en, opinion_lt) VALUES (364381, 'E500(ii)', 'E 500 (ii)', 500, 'Sodium hydrogenate carbonate', 'Natrio hidrokarbonatas', 'Sodium hydrogenate carbonate', 'Natrio hidrokarbonatas', NULL, NULL, NULL, FALSE, NULL, 'POL-FAD-IMPORT-3361', 'https://ec.europa.eu/food/food-feed-portal/screen/food-additives/search', 'A leavening agent and acidity regulator — the same baking soda found in home kitchens. It releases carbon dioxide when heated, helping baked goods rise. Used in limited food categories, including certain dairy products, to adjust acidity or texture. One of the most well-studied and safe food additives in use.', 'Tai kepimo soda — tas pats ingredientas, kurį naudojame namuose kepdami. Veikia kaip rauginimo medžiaga ir rūgštingumo reguliatorius: kaitinamas išskiria anglies dioksidą, todėl tešla kyla. Leidžiamas tik keliose maisto kategorijose — pavyzdžiui, tam tikruose pieno produktuose rūgštingumui reguliuoti. Vienas seniausių ir geriausiai ištirtų priedų — saugumo klausimai nekyla.');
INSERT INTO aggregate.eu_additive_restrictions (additive_id, food_category_id, food_category_number, food_category_name_en, food_category_name_lt, restriction_type, restriction_value, restriction_unit, restriction_comment_en, restriction_comment_lt, note_number, note_text_en, note_text_lt, legislation_id) VALUES (364381, '315530', '1.5', 'dehydrated milk as defined by directive 2001/114/ec', 'džiovintas pienas, kaip apibrėžta direktyvoje 2001/114/EB', 'FAD_RT_QS', NULL, NULL, NULL, NULL, NULL, NULL, NULL, 316526);
INSERT INTO aggregate.eu_additive_restrictions (additive_id, food_category_id, food_category_number, food_category_name_en, food_category_name_lt, restriction_type, restriction_value, restriction_unit, restriction_comment_en, restriction_comment_lt, note_number, note_text_en, note_text_lt, legislation_id) VALUES (364381, '315558', '1.7.2', 'ripened cheese', 'subrandintas sūris', 'FAD_RT_QS', NULL, NULL, 'only sour milk cheese', 'tik rūgštaus pieno sūriai', NULL, NULL, NULL, 316526);
INSERT INTO aggregate.eu_additive_legislations (additive_id, eu_legislation_id, title_en, title_lt, text, eurlex_link, publication_date, date_entry_into_force, oj_number, oj_page) VALUES (364381, 316526, 'Commission Regulation (EU) No 1129/2011 of 11 November 2011 amending Annex II to Regulation EC No 1333/2008 of the European Parliament and of the Council by establishing a Union list of food Additives . TEXT with EEA relevance.', 'Komisijos reglamentas (ES) Nr. 1129/2011 2011 m. lapkričio 11 d., kuriuo iš dalies keičiamas Europos Parlamento ir Tarybos reglamento (EB) Nr. 1333/2008 II priedas nustatant Sąjungos maisto priedų sąrašą. Tekstas svarbus EEE.', '(EU) No 1129/2011', NULL, NULL, NULL, 'L295', '1');
INSERT INTO aggregate.eu_additives (id, e_number, e_number_display, e_number_sort, display_name_en, display_name_lt, identifying_name_en, identifying_name_lt, synonyms_en, synonyms_lt, ins_number, is_group, member_of_group, policy_item_code, source_url, opinion_en, opinion_lt) VALUES (364441, 'E501(ii)', 'E 501(ii)', 501, 'Potassium hydrogen carbonate', 'Kalio hidrokarbonatas', 'Potassium hydrogen carbonate', 'Kalio hidrokarbonatas', NULL, NULL, NULL, FALSE, NULL, 'POL-FAD-IMPORT-3362', 'https://ec.europa.eu/food/food-feed-portal/screen/food-additives/search', 'A mineral salt that acts as a leavening agent and acidity regulator. It releases carbon dioxide when heated, helping baked goods rise, and can neutralise excess acidity in food. Approved for very limited use — mainly in dehydrated milk products. Naturally occurring compound, considered safe at authorised levels with no significant health concerns.', 'Tai mineralinė druska, naudojama kaip rūgštingumo reguliatorius ir kildiklis. Kaitinama išskiria anglies dioksidą — tai padeda kepiniams kilti ir neutralizuoja perteklinį rūgštingumą. Leidžiama naudoti labai siauroje maisto kategorijoje — daugiausia dehidratuotuose pieno produktuose. Natūraliai pasitaikantis junginys, leidžiamomis dozėmis laikomas saugiu.');
INSERT INTO aggregate.eu_additive_restrictions (additive_id, food_category_id, food_category_number, food_category_name_en, food_category_name_lt, restriction_type, restriction_value, restriction_unit, restriction_comment_en, restriction_comment_lt, note_number, note_text_en, note_text_lt, legislation_id) VALUES (364441, '315530', '1.5', 'dehydrated milk as defined by directive 2001/114/ec', 'džiovintas pienas, kaip apibrėžta direktyvoje 2001/114/EB', 'FAD_RT_QS', NULL, NULL, NULL, NULL, NULL, NULL, NULL, 316526);
INSERT INTO aggregate.eu_additive_legislations (additive_id, eu_legislation_id, title_en, title_lt, text, eurlex_link, publication_date, date_entry_into_force, oj_number, oj_page) VALUES (364441, 316526, 'Commission Regulation (EU) No 1129/2011 of 11 November 2011 amending Annex II to Regulation EC No 1333/2008 of the European Parliament and of the Council by establishing a Union list of food Additives . TEXT with EEA relevance.', 'Komisijos reglamentas (ES) Nr. 1129/2011 2011 m. lapkričio 11 d., kuriuo iš dalies keičiamas Europos Parlamento ir Tarybos reglamento (EB) Nr. 1333/2008 II priedas nustatant Sąjungos maisto priedų sąrašą. Tekstas svarbus EEE.', '(EU) No 1129/2011', NULL, NULL, NULL, 'L295', '1');
